dosya,cozunurluk,aday_kelime,cikti_satiri,etiket,etiket_taslak
sahne_01_cikartma.png,224,arşın,Arşın,,Y
sahne_05_dadas_doner.png,224,0540,ODUN ATEŞİNDE LEzzet TEL: 0540 108 4800,,Y
sahne_05_dadas_doner.png,224,108,ODUN ATEŞİNDE LEzzet TEL: 0540 108 4800,,Y
sahne_05_dadas_doner.png,224,4800,ODUN ATEŞİNDE LEzzet TEL: 0540 108 4800,,Y
sahne_05_dadas_doner.png,224,05,ODUN ATEŞİNDE LEzzet TEL: 05,,Y
sahne_07_kahvehane_gece.png,224,24,24,,?
sahne_07_kahvehane_gece.png,224,harıo,HARIO,,?
sahne_07_kahvehane_gece.png,224,2,2,,?
sahne_08_emek_yufkacisi.png,224,kacısı,MIK KACISI,,Y
sahne_08_emek_yufkacisi.png,224,0532,0532 22 22 22,,?
sahne_08_emek_yufkacisi.png,224,22,0532 22 22 22,,?
sahne_08_emek_yufkacisi.png,224,34,34 B 687,,G
sahne_08_emek_yufkacisi.png,224,687,34 B 687,,Y
sahne_10_mostarpark.png,224,gokal,GOKAL TESİSLERİ,,Y
sahne_11_agaoglu_gece.png,224,abablu,ABABLU,,Y
sahne_11_agaoglu_gece.png,224,chokolatesyon,YAPI CHOKOLATESYON MOBilya dekorasyon,,Y
sahne_11_agaoglu_gece.png,224,muffın,MUFFIN OĞLARI,,Y
sahne_11_agaoglu_gece.png,224,oğları,MUFFIN OĞLARI,,Y
sahne_11_agaoglu_gece.png,224,tamo,• TAMO OĞLARI,,Y
sahne_11_agaoglu_gece.png,224,kahvaltı,• KAHVALTI OĞLU RAY OĞLAP,,U
sahne_11_agaoglu_gece.png,224,oğlu,• KAHVALTI OĞLU RAY OĞLAP,,Y
sahne_11_agaoglu_gece.png,224,535,0 535 273 50 00,,Y
sahne_11_agaoglu_gece.png,224,11,11,,Y
sahne_11_agaoglu_gece.png,224,1,1,,Y
sahne_14_kurtulus_bakkal.png,224,birköliyeşi,"BİRKÖLİYEŞİ, KURU KAHVE",,Y
sahne_14_kurtulus_bakkal.png,224,diştemiz,Diştemiz Shop,,U
sahne_14_kurtulus_bakkal.png,224,shop,Diştemiz Shop,,U
sahne_14_kurtulus_bakkal.png,224,2022,2022/07/19 15:25,,U
sahne_14_kurtulus_bakkal.png,224,07,2022/07/19 15:25,,U
sahne_14_kurtulus_bakkal.png,224,19,2022/07/19 15:25,,U
sahne_14_kurtulus_bakkal.png,224,15,2022/07/19 15:25,,U
sahne_14_kurtulus_bakkal.png,224,25,2022/07/19 15:25,,U
sahne_17_hanturk_anadolu.png,224,başlayan,başlayan,,Y
sahne_17_hanturk_anadolu.png,224,18,0532 262 18 18 ANADOLU,,Y
sahne_19_gece_sehir_reklamlari.png,224,your,Your local,,?
sahne_19_gece_sehir_reklamlari.png,224,tuborg,TUBORG,,?
sahne_19_gece_sehir_reklamlari.png,224,the,THE BEST OF,,?
sahne_19_gece_sehir_reklamlari.png,224,best,THE BEST OF,,?
sahne_19_gece_sehir_reklamlari.png,224,chıer,CHIER,,?
sahne_19_gece_sehir_reklamlari.png,224,karaoke,KARAOKE,,?
sahne_22_akilli_tahta_slayt.png,224,otkısı,Otkısı denildiğine,,Y
sahne_22_akilli_tahta_slayt.png,224,denildiğine,Otkısı denildiğine,,Y
sahne_22_akilli_tahta_slayt.png,224,çevresini,Çevresini takip etmeye,,U
sahne_22_akilli_tahta_slayt.png,224,takip,Çevresini takip etmeye,,U
sahne_22_akilli_tahta_slayt.png,224,etmeye,Çevresini takip etmeye,,U
sahne_22_akilli_tahta_slayt.png,224,jeotlak,Jeotlak yapmayı,,Y
sahne_22_akilli_tahta_slayt.png,224,yapmayı,Jeotlak yapmayı,,Y
sahne_22_akilli_tahta_slayt.png,224,yoğunlaşma,Nüfus yoğunlaşma,,Y
sahne_22_akilli_tahta_slayt.png,224,çevresinde,Çevresinde yaşanılan en kritik deprem,,U
sahne_22_akilli_tahta_slayt.png,224,yaşanılan,Çevresinde yaşanılan en kritik deprem,,U
sahne_22_akilli_tahta_slayt.png,224,kritik,Çevresinde yaşanılan en kritik deprem,,U
sahne_22_akilli_tahta_slayt.png,224,nedenlerine,nedenlerine,,U
sahne_22_akilli_tahta_slayt.png,224,samsung,SAMSUNG,,U
sahne_23_ambalaj_etiket_tarih.png,224,edicisi,"Üretim Tarihi (UT), Tavsiye Edicisi, Tüketim Tarihi (TET), Parti No ambalaj işaretlenir. Parti No ambalaj üzerindeki tar",,Y
sahne_23_ambalaj_etiket_tarih.png,224,işaretlenir,"Üretim Tarihi (UT), Tavsiye Edicisi, Tüketim Tarihi (TET), Parti No ambalaj işaretlenir. Parti No ambalaj üzerindeki tar",,U
sahne_23_ambalaj_etiket_tarih.png,224,26,28/07/2026 14:19 26/08/2027 18:15 LOT:PRD260728007,,Y
sahne_23_ambalaj_etiket_tarih.png,224,08,28/07/2026 14:19 26/08/2027 18:15 LOT:PRD260728007,,Y
sahne_23_ambalaj_etiket_tarih.png,224,18,28/07/2026 14:19 26/08/2027 18:15 LOT:PRD260728007,,Y
sahne_23_ambalaj_etiket_tarih.png,224,15,28/07/2026 14:19 26/08/2027 18:15 LOT:PRD260728007,,Y
sahne_23_ambalaj_etiket_tarih.png,224,uzlu,UZLU,,G
sahne_23_ambalaj_etiket_tarih.png,224,gıda,GIDA İŞLETMESİ,,G
sahne_23_ambalaj_etiket_tarih.png,224,işletmesi,GIDA İŞLETMESİ,,Y
sahne_23_ambalaj_etiket_tarih.png,224,bım,BIM İŞLETMESİ,,G
sahne_24_ambalaj_yogurt.png,224,9,9,,?
sahne_24_ambalaj_yogurt.png,224,10,Net Wt. 10,,?
sahne_24_ambalaj_yogurt.png,224,happy,Happy Sağlık,,U
sahne_24_ambalaj_yogurt.png,224,100,100%,,U
sahne_24_ambalaj_yogurt.png,224,750g,750g,,U
sahne_27_fis_sok.png,224,2401,1.2401. MARKEZ GARCE ÖZDEHİR,,Y
sahne_27_fis_sok.png,224,markez,1.2401. MARKEZ GARCE ÖZDEHİR,,Y
sahne_27_fis_sok.png,224,05,05.02.2021 15:00,,U
sahne_27_fis_sok.png,224,2021,05.02.2021 15:00,,U
sahne_27_fis_sok.png,224,15,05.02.2021 15:00,,U
sahne_27_fis_sok.png,224,hayır,HAYIR. JANKARA,,Y
sahne_27_fis_sok.png,224,07,07.02.2021 15:00,,U
sahne_27_fis_sok.png,224,kuruluşlar,ANADOLU KURULUŞLAR V.D,,Y
sahne_27_fis_sok.png,224,f15,F15 NO,,Y
sahne_27_fis_sok.png,224,1401,1401,,Y
sahne_27_fis_sok.png,224,182,"*182,27",,Y
sahne_27_fis_sok.png,224,239,"*239,80",,Y
sahne_27_fis_sok.png,224,80,"*239,80",,Y
sahne_28_fis_bim.png,224,kültür,GİM BİRLİŞİK MAĞAZALAR A.S. KÜLTÜR VE KÜBLİĞÜ LTD. NO: 15/A KARTAL / İSTANBUL,,U
sahne_28_fis_bim.png,224,kübliğü,GİM BİRLİŞİK MAĞAZALAR A.S. KÜLTÜR VE KÜBLİĞÜ LTD. NO: 15/A KARTAL / İSTANBUL,,U
sahne_28_fis_bim.png,224,17500515,BURUK MÜKELLERLER VOB 17500515/46,,Y
sahne_28_fis_bim.png,224,46,BURUK MÜKELLERLER VOB 17500515/46,,Y
sahne_28_fis_bim.png,224,03,03.2024 18:30,,G
sahne_28_fis_bim.png,224,2024,03.2024 18:30,,G
sahne_28_fis_bim.png,224,18,03.2024 18:30,,G
sahne_28_fis_bim.png,224,30,03.2024 18:30,,G
sahne_28_fis_bim.png,224,483,NO: 483,,G
sahne_28_fis_bim.png,224,072666,TNO:072666-2223-4819-8ed7-fc7acac4d470,,Y
sahne_28_fis_bim.png,224,2223,TNO:072666-2223-4819-8ed7-fc7acac4d470,,Y
sahne_28_fis_bim.png,224,4819,TNO:072666-2223-4819-8ed7-fc7acac4d470,,Y
sahne_28_fis_bim.png,224,8ed7,TNO:072666-2223-4819-8ed7-fc7acac4d470,,Y
sahne_28_fis_bim.png,224,fc7acac4d470,TNO:072666-2223-4819-8ed7-fc7acac4d470,,Y
sahne_28_fis_bim.png,224,x1,X1,,Y
sahne_28_fis_bim.png,224,420,"420,99",,Y
sahne_28_fis_bim.png,224,kocu,KOCU MEK KESİL 1 KG X1,,Y
sahne_28_fis_bim.png,224,450,"450,00",,Y
sahne_28_fis_bim.png,224,müşut,MÜŞUT 2.5 KG SHBAN X1,,Y
sahne_28_fis_bim.png,224,419,"419,50",,Y
sahne_28_fis_bim.png,224,türkiye,TÜRKİYE,,U
sahne_28_fis_bim.png,224,42,"42,14",,Y
sahne_31_elektrik_pano_plaka.png,224,5,A-5,,Y
sahne_31_elektrik_pano_plaka.png,224,054,054,,G
sahne_32_cop_konteyner_uyari.png,224,771,771,,Y
sahne_33_dikkat_olum_tehlikesi.png,224,demirçiği,DEMİRÇİĞİ ELEKTRİK MAL,,U
sahne_33_dikkat_olum_tehlikesi.png,224,elektrik,DEMİRÇİĞİ ELEKTRİK MAL,,G
sahne_33_dikkat_olum_tehlikesi.png,224,mal,DEMİRÇİĞİ ELEKTRİK MAL,,U
sahne_33_dikkat_olum_tehlikesi.png,224,2,2.F90255,,Y
sahne_33_dikkat_olum_tehlikesi.png,224,f90255,2.F90255,,Y
sahne_01_cikartma.png,448,hiçesin,Beninde Hiçesin,,Y
sahne_05_dadas_doner.png,448,06,IN ATEŞİNDE TEL: 0530 610 06,,Y
sahne_05_dadas_doner.png,448,yasemin,YASEMİN,,?
sahne_05_dadas_doner.png,448,alod,ALOD,,Y
sahne_05_dadas_doner.png,448,0,0530.0,,Y
sahne_05_dadas_doner.png,448,akademik,AKADEMİK,,?
sahne_07_kahvehane_gece.png,448,bance,FE BANCE,,Y
sahne_07_kahvehane_gece.png,448,gayrıyatına,GAYRIYATINA,,?
sahne_08_emek_yufkacisi.png,448,11,11.00,,?
sahne_08_emek_yufkacisi.png,448,00,11.00,,?
sahne_08_emek_yufkacisi.png,448,34,34 JC 7859,,G
sahne_08_emek_yufkacisi.png,448,7859,34 JC 7859,,Y
sahne_10_mostarpark.png,448,sri,SRİ BELEDİYESİ,,Y
sahne_11_agaoglu_gece.png,448,0532,0532 273 50 00,,A
sahne_11_agaoglu_gece.png,448,11,11,,U
sahne_14_kurtulus_bakkal.png,448,momis,Momis Ba,,Y
sahne_14_kurtulus_bakkal.png,448,dıdo,DIDO,,G
sahne_14_kurtulus_bakkal.png,448,shot,Shot on OnePlus,,G
sahne_14_kurtulus_bakkal.png,448,oneplus,Shot on OnePlus,,G
sahne_17_hanturk_anadolu.png,448,temsilcileri,GAYRİMENKUL Satış Temsilcileri,,Y
sahne_19_gece_sehir_reklamlari.png,448,tusotı,TUSOTI,,Y
sahne_19_gece_sehir_reklamlari.png,448,pikral,pikral,,Y
sahne_19_gece_sehir_reklamlari.png,448,meyav,MEYAV,,?
sahne_19_gece_sehir_reklamlari.png,448,geldikleri,Geldikleri,,G
sahne_19_gece_sehir_reklamlari.png,448,güneş,Güneş!,,?
sahne_19_gece_sehir_reklamlari.png,448,cher,CHER,,?
sahne_19_gece_sehir_reklamlari.png,448,gülümseyen,Gülümseyen,,?
sahne_19_gece_sehir_reklamlari.png,448,meshurbat,ÖZSAHİN MESHURBAT BÖFENİ ERHAN KANDE,,Y
sahne_19_gece_sehir_reklamlari.png,448,böfeni,ÖZSAHİN MESHURBAT BÖFENİ ERHAN KANDE,,Y
sahne_19_gece_sehir_reklamlari.png,448,erhan,ÖZSAHİN MESHURBAT BÖFENİ ERHAN KANDE,,Y
sahne_19_gece_sehir_reklamlari.png,448,kande,ÖZSAHİN MESHURBAT BÖFENİ ERHAN KANDE,,Y
sahne_21_donerus_avm.png,448,pızzerı,PIZZERI UZATILIR,,?
sahne_21_donerus_avm.png,448,uzatılır,PIZZERI UZATILIR,,U
sahne_22_akilli_tahta_slayt.png,448,panasonic,Panasonic,,U
sahne_23_ambalaj_etiket_tarih.png,448,uzlu,UZLU,,G
sahne_23_ambalaj_etiket_tarih.png,448,gida,GİDA İŞLETMEÇİĞİ,,G
sahne_23_ambalaj_etiket_tarih.png,448,işletmeçiği,GİDA İŞLETMEÇİĞİ,,Y
sahne_23_ambalaj_etiket_tarih.png,448,fıstık,Fıstık,,G
sahne_23_ambalaj_etiket_tarih.png,448,bim,BİM Birleşik Mark,,G
sahne_23_ambalaj_etiket_tarih.png,448,birleşik,BİM Birleşik Mark,,G
sahne_23_ambalaj_etiket_tarih.png,448,mark,BİM Birleşik Mark,,G
sahne_23_ambalaj_etiket_tarih.png,448,abdurrahman,Abdurrahman,,G
sahne_23_ambalaj_etiket_tarih.png,448,ürünleri,Ürünleri,,G
sahne_23_ambalaj_etiket_tarih.png,448,sancaktepe,Sancaktepe,,G
sahne_23_ambalaj_etiket_tarih.png,448,meray,Bu ürün (Meray,,G
sahne_23_ambalaj_etiket_tarih.png,448,erebi,erebi,,G
sahne_23_ambalaj_etiket_tarih.png,448,tic,n. Tic. Ltd.,,G
sahne_24_ambalaj_yogurt.png,448,miktar,Net Miktar: 500,,G
sahne_24_ambalaj_yogurt.png,448,500ge,500ge,,Y
sahne_26_yol_levhalari.png,448,pamla,PAMLA REKLAM,,Y
sahne_26_yol_levhalari.png,448,reklam,PAMLA REKLAM,,G
sahne_27_fis_sok.png,448,5k,SOK MARKETLER TİC.A.S 13462 MAMAK CANZE ÖZDEMİR ŞAHINTEPE NH 637.5K,,Y
sahne_27_fis_sok.png,448,25tlfınısh10tl,25TLFINISH10TL,,Y
sahne_28_fis_bim.png,448,03,03.2024 18:30,,G
sahne_28_fis_bim.png,448,2024,03.2024 18:30,,G
sahne_28_fis_bim.png,448,18,03.2024 18:30,,G
sahne_28_fis_bim.png,448,30,03.2024 18:30,,G
sahne_28_fis_bim.png,448,483,NO: 483,,G
sahne_28_fis_bim.png,448,tn6312bee6,TN6312bee6-2323-46f3-8ed7-fc72accdcfo,,Y
sahne_28_fis_bim.png,448,2323,TN6312bee6-2323-46f3-8ed7-fc72accdcfo,,Y
sahne_28_fis_bim.png,448,46f3,TN6312bee6-2323-46f3-8ed7-fc72accdcfo,,Y
sahne_28_fis_bim.png,448,8ed7,TN6312bee6-2323-46f3-8ed7-fc72accdcfo,,Y
sahne_28_fis_bim.png,448,fc72accdcfo,TN6312bee6-2323-46f3-8ed7-fc72accdcfo,,Y
sahne_28_fis_bim.png,448,21,21,,Y
sahne_28_fis_bim.png,448,9219666,1.9219666 T:,,G
sahne_31_elektrik_pano_plaka.png,448,054,054,,G
sahne_32_cop_konteyner_uyari.png,448,731,731,,G
sahne_32_cop_konteyner_uyari.png,448,5m5m,5m5m,,A
sahne_33_dikkat_olum_tehlikesi.png,448,osmangaz,OSMANGAZ ELEKTRİK DACI,,G
sahne_33_dikkat_olum_tehlikesi.png,448,elektrik,OSMANGAZ ELEKTRİK DACI,,G
sahne_33_dikkat_olum_tehlikesi.png,448,dacı,OSMANGAZ ELEKTRİK DACI,,Y
sahne_33_dikkat_olum_tehlikesi.png,448,1,1.5.,,Y
sahne_33_dikkat_olum_tehlikesi.png,448,5,1.5.,,Y
sahne_33_dikkat_olum_tehlikesi.png,448,2,2.790.25-2,,Y
sahne_33_dikkat_olum_tehlikesi.png,448,790,2.790.25-2,,Y
sahne_33_dikkat_olum_tehlikesi.png,448,25,2.790.25-2,,Y
