grup,dosya,kategori,orijinal_boyut,ana_metin,ikincil_metin,not,dogrulandi
ana,sahne_01_cikartma.png,"script+kalin, yansima, kucuk yazi",1200x1800,Onun Hevesi Bitti,Benimde Nefesim,"iki satir, ustteki kalin beyaz, alttaki kirmizi script",
ana,sahne_02_terzi_abit_kurt.png,"eski boyali tabela, İ",800x800,TERZİ,ABİT KURT,,
ana,sahne_03_sunar_kayali.png,"serif, kavisli metin, ı/İ",1600x1600,Sunar & Kayalı,1967'DEN BERİ | ZAMANSIZ TASARIM • YÜKSEK KALİTE,1967'DEN BERİ kavisli,
ana,sahne_04_carsi_reklam.png,"ince el yazisi font, ğ ç ş ı",2083x2083,çarşı reklam,Doğru Mecrada Doğru Reklam Kazandırır | Bize en yakın Çarşı,logo kucuk harfle yazilmis,
ana,sahne_05_dadas_doner.png,"cok satir, telefon, cam yansimasi",540x720,DADAŞ DÖNER,ODUN ATEŞİNDE LEZZET | TEL: 0530 610 9806,BELIRSIZ: cam uzerindeki mavi yazilar (ALO PAKET 0530 610 98 06 gibi) ve yansimadaki ters yazilar sayilmasin; kapidaki 150 TL notlari belirsiz,
ana,sahne_06_koksal_baba.png,"aralikli harf, TR-EN karisik",396x576,KÖKSAL BABA STORE,,BELIRSIZ: soldaki makinede City Café benzeri yazi; STORE harfleri aralikli pembe,
ana,sahne_07_kahvehane_gece.png,"gece, kesik yazi, cam yansimasi",500x333,KAHVEHANESİ,BİLARDO SALONU,"BELIRSIZ: baslik solda kirpik (…TA KAHVEHANESİ), camdaki kucuk yazilar ve bayraktaki yazi okunmuyor; sadece net okunan kismi say",
ana,sahne_08_emek_yufkacisi.png,"sari cam yazisi, kismi tabela",500x750,EMEK YUFKACISI,HOŞ GELDİNİZ,sagda kismi yesil tabelada da EMEK YUFKACISI gorunuyor; plaka gorunuyor (yayinda bulaniklastir),
ana,sahne_10_mostarpark.png,"gece, isikli harf, kismen kapali yazi",570x299,MOSTARPARK,SOSYAL TESİSLERİ | BELEDİYESİ,"BELIRSIZ: belediye adi merdiven ve adam yuzunden kapali, tahmin etme",
ana,sahne_11_agaoglu_gece.png,"gece, neon, Ğ, cok satir, telefon, filigran",600x800,AĞAOĞLU,YAPI DEKORASYON | MOBİLYA DEKORASYON | MUTFAK DOLABI | BANYO DOLABI | YATAK ODASI | PORTMANTO-RAY DOLAP | 0 532 273 50 00,"FILIGRAN: ÖZGE REKLAM (sahne metni sayma, ayri not et); telefonu gorselden dogrula",
ana,sahne_12_vefa_ikram.png,"altin harf, İ, kucuk tahta menu",387x516,VEFA İKRAM,ÇİĞ KÖFTE,BELIRSIZ: sagdaki kucuk tahta menu okunmuyor,
ana,sahne_13_celebioglu_ap.png,"altin script cam yazisi, yansima, dusuk cozunurluk",320x180,Çelebioğlu Ap.,20,"script yazi, ilk harf ve ğ dogrula; bina yansimasi var",
ana,sahne_14_kurtulus_bakkal.png,"el boyamasi eski tabela, script, filigran",480x640,Kurtuluş,BAKKALİYESİ VE KURU KAHVE,BELIRSIZ: alt satir (Memiş Baş…) kismen okunuyor; sol altta cihaz filigrani (Shot on …) sahne metni degil; kisinin yuzu var,
ana,sahne_15_sariyer_borekcisi.png,"Ç Ş İ ve I, guneş yansimasi",600x600,SARIYER BÖREKÇİSİ,,"logolardaki yazilar (Sarıyer Börekçisi) cok kucuk, ikincil sayilabilir; noktasiz I ve İ birlikte",
ana,sahne_17_hanturk_anadolu.png,"egik perspektif, arka isik, serif+script, apostrof, telefon",1600x1200,DENİZLİ'NİN EN PRESTİJLİ PROJESİ | ANADOLU İNCİSİ | başlıyor,HANTÜRK GAYRİMENKUL | Satış Temsilcisi | 0532 262 19 17 | ANADOLU İnşaat,telefon yayinda bulaniklastir; başlıyor script,
ana,sahne_19_gece_sehir_reklamlari.png,"gece, cok sayida isikli tabela, uzak ve kismi yazi",1152x2048,LOVE SHOP | SOYSAL | Coca-Cola | ÖZŞAHİN,EPİLASYON GÜZELLİK | LOCA Cafe·Restaurant | Metro Alışveriş M…,BELIRSIZ: pek cok tabela kirpik veya uzak; sadece net okunan buyuk yazilari say,
ana,sahne_21_donerus_avm.png,"neon script, AVM ici, egik aci",900x1600,Dönerus,Doyumsuz Lezzet | PİZZA,BELIRSIZ: ortadaki kucuk neon yazi okunmuyor; solda kirmizi afis kirpik,
ana,sahne_22_akilli_tahta_slayt.png,"ekran fotografi, madde isaretli duz metin, Ş Ğ İ ı",2048x1536,DEPREMİN ŞİDDETİ,Açığa çıkan enerji miktarına | Odak derinliğine | Episantr uzaklığına | Jeolojik yapıya | Nüfus yoğunluğuna | Bina kalitesine | Deprem süresine | Nerede baraj yapıldıysa orada deprem riski artmıştır.,son satir turuncu ve dusuk kontrast; ekran fotografi,
ana,sahne_23_ambalaj_etiket_tarih.png,"ambalaj, kucuk puntolu duz metin, kirmizi zemin beyaz yazi, tarih/LOT kodu, egik aci",1536x2048,"Üretim Tarihi (ÜT), Tavsiye Edilen Tüketim Tarihi (TETT), Parti No ambalaj üzerindedir. | Parti numarası üretim tarihi ile aynıdır. | Tavsiye edilen tüketim tarihinden önce tüketilmesi tavsiye edilir. | Serin ve kuru yerde muhafaza ediniz.",28/07/2026 14:19 | 28/01/2027 P8 | LOT:PRD260728007,BELIRSIZ: sol kenarda urun adi kirpik; alttaki GIDA İŞLETMECİSİ adres blogu kavisli ve parmak yuzunden okunmuyor,
ana,sahne_24_ambalaj_yogurt.png,"ambalaj, kavisli yuzey, serif+script, Ğ ı, QR ve barkod, yansima",1536x2048,Yoğurt,DOST | Süt Yağı % 4.0 Protein % 4.0 | Tam Yağlı Yoğurt | 500 g | Doğal Yoğurt | Hikayeyi Keşfet,BELIRSIZ: sagdaki Net Miktar satiri kabin kavisinde kirpik; QR ve barkod sayilmasin,
ana,sahne_25_cadir_kosku_ahsap.png,"temiz gunduz ahsap tabela, altin harf, Ç Ş Ö Ü İ, iki satir - kolay referans",1400x788,ÇADIR KÖŞKÜ,İstanbul Büyükşehir Belediyesi,kolay referans,
ana,sahne_26_yol_levhalari.png,"yol yon levhalari, Anıt/Keçiören/Bahçelievler, ı Ç ö, filigran (DAMLA REKLAM)",600x600,Anıttepe | Anıtkabir | Keçiören | Maltepe | Bahçelievler,,FILIGRAN: DAMLA REKLAM (sahne metni sayma); alttaki isaret metin icermiyor,
ana,sahne_27_fis_sok.png,"fis, cok satir, monospace nokta-vurus font, İ Ş Ç Ğ Ö Ü, rakam/fiyat, hafif egik",1500x2000,"ŞOK MARKETLER TİC.A.Ş | TARİH : 01/02/2024 | TOPLAM *427,42","13462 MAMAK GAMZE ÖZDEMİR | ŞAHİNTEPE MH 637.SK | NO 2 | MAMAK ANKARA | 8140131899 | ANADOLU KURUMLAR V.D | SAAT : 20:51:41 | FİŞ NO : 0259 | OZMO FUN FİGÜRLÜ 23G %01 *13,50 | 7-24 NAMET DANA MACA %01 *27,90 | OZMO FUN FİGÜRLÜ 23G %01 *13,50 | 1,033Kg X 99,00 | TADPİ PİLİÇ BAGET KG %01 *102,27 | FINISH QUANTUM ÖZEL %20 *259,00 | 25TLFINISH110TL *149,00- | FINISH QUANTUM ÖZEL %20 *259,00 | 25TLFINISH110TL *149,00- | ARKO DEĞERLİ YAĞLAR %20 *104,50 | 25TLARKO50TL *54,50- | ALIŞVERİŞ POŞETİ 43 %20 *0,25 | TOPKDV *46,60","rakamlari (0/O, virgul) ve 25TLARKO50TL satirini gorselden dogrula; ilk 3 satir egik",
ana,sahne_28_fis_bim.png,"fis, cok kucuk, dusuk cozunurluk (350x350), parmak, kismi kart no, UUID",350x350,"BİM BİRLEŞİK MAĞAZALAR A.Ş. | TOPLAM *216,49","YUNUS MAH.KUBİLAY CAD.NO: 15/A | KARTAL / İSTANBUL | BÜYÜK MÜKELLEFLER VDB 1750051846 | E-ARŞİV FATURA BİLGİ FİŞİ | 2.025 kg X 19,75 | PATATES %1 *39,99 | MERCİMEK YEŞİL 1 KG %1 *57,00 | NOHUT 2.5 KG SABAN %1 *119,50 | TOPKDV *2,14 | Banka Kredi Kartı 1 *216,49 | GARANTİ BANKASI","BELIRSIZ: tarih/no satiri parmak yuzunden kismi, UUID ve kart no satirlari sayilmasin; kaynak 350x350",
ana,sahne_29_tabelamatik_mockup.png,"kolay referans, temiz gunduz tabela, buyuk beyaz yazi, egik aci, Turkce ozel harf yok (mockup)",1080x1080,Tabelamatik,,kolay referans (mockup); Turkce ozel harf yok,
ana,sahne_30_dolu_levha.png,"kolay referans, temiz levha, tek kelime buyuk harf, alt kosede cok kucuk yazi (mockup)",700x700,DOLU,02.01.0008 | TABELA.com.tr,kolay referans (mockup); alt kose yazilari cok kucuk,
ana,sahne_31_elektrik_pano_plaka.png,"kendi foto, gece, plaka metni + buyuk rakam, İ Ğ Ş, eski/cizik yuzey, egik aci",1536x2048,OSMANGAZİ ELEKTRİK DAĞITIM A.Ş.,26902319,"BELIRSIZ: plakanin alt kismindaki soluk yazilar (www... adresi, telefon) ve sag alttaki 054.. etiketi okunmuyor, sayma; arka planda araba var",
ana,sahne_32_cop_konteyner_uyari.png,"kendi foto, gece, sablonla boyanmis uyari, metal yuzey, K Ü Ç ı, kirli",1536x2048,SICAK KÜL ATMAYINIZ,5m | 5m,BELIRSIZ: kapak ustundeki kabartma yazi (ters/kismi) ve kartondaki marka yazilari sayilmasin; plaka kismen gorunuyor (yayinda bulaniklastir),
ana,sahne_33_dikkat_olum_tehlikesi.png,"kendi foto, gece, uyari levhasi, sembol + buyuk harf, İ Ö Ü",1536x2048,DİKKAT! ÖLÜM TEHLİKESİ,,BELIRSIZ: sagdaki kismen kapali OSMANGAZİ levhasi (OSMANGAZ… ELEKTRİK DAĞ… A.Ş. ve seri no) sayma,
ana,sahne_34_kural_kiz_apart.png,"kendi foto, gece/flash, afis, kalin serif + el cizimi benzeri font, ı İ Ş, yansima",1536x2048,KURAL KIZ APART,KAYITLARIMIZ BAŞLAMIŞTIR,afis uzerinde ince cizgi (ip) var; harfler dekoratif,
taninmis_marka,marka_01_ibb.png,kavisli buyuk harf,638x480,İSTANBUL BÜYÜKŞEHİR BELEDİYESİ,,"taninmis logo, kavisli",
taninmis_marka,marka_02_cnn_turk.png,"Ü, genis harf araligi",501x399,CNN TÜRK,,taninmis logo; CNN ve TÜRK ayri satirda,
taninmis_marka,marka_03_turk_telekom.png,"koyu zemin el yazisi, Ş ı",630x303,Şimdi daha bir başka memleketim.,TÜRK TELEKOM,taninmis marka; TÜRK TELE KOM dikey yazili,
kontrol,kontrol_01_decolux.png,Turkce karakter yok,1000x782,DECOLUX,,kontrol: Turkce ozel harf yok; ® isareti var,
