tur,cozunurluk,prompt,parca_sayisi,tam_bulundu,aksansiz_bulundu,ort_hata_orani
ana,224,en_soru,45,0.111,0.311,0.494
ana,224,ocr,45,0.4,0.533,0.159
ana,224,tr_soru,45,0.111,0.289,0.503
ana,448,en_soru,45,0.267,0.444,0.37
ana,448,ocr,45,0.644,0.822,0.082
ana,448,tr_soru,45,0.2,0.378,0.428
ikincil,224,en_soru,87,0.046,0.057,0.762
ikincil,224,ocr,87,0.184,0.23,0.345
ikincil,224,tr_soru,87,0.034,0.046,0.751
ikincil,448,en_soru,87,0.195,0.264,0.523
ikincil,448,ocr,87,0.529,0.655,0.095
ikincil,448,tr_soru,87,0.034,0.046,0.709
