cozunurluk,prompt,dosya,grup,cikti,sure_sn
224,ocr,sahne_01_cikartma.png,ana,"Onun Hevesl Bitti
Arşın",2.9
224,tr_soru,sahne_01_cikartma.png,ana,onun hayesi bitti,0.4
224,en_soru,sahne_01_cikartma.png,ana,onun hayesi bitti,0.4
224,ocr,sahne_02_terzi_abit_kurt.png,ana,"TERZI
ABİT KURT",0.5
224,tr_soru,sahne_02_terzi_abit_kurt.png,ana,terzi abit kurt,0.3
224,en_soru,sahne_02_terzi_abit_kurt.png,ana,terzi,0.2
224,ocr,sahne_03_sunar_kayali.png,ana,"1967'DEN
Sunar & Kayali
BER
ZAMANSIZ TASARIM • YÜKSEK KALITE",1.5
224,tr_soru,sahne_03_sunar_kayali.png,ana,sunar & kayali,0.3
224,en_soru,sahne_03_sunar_kayali.png,ana,sunar & kayali,0.3
224,ocr,sahne_04_carsi_reklam.png,ana,"Doğru Mesada Doğru Reklam Kazanılır
ÇARŞI reklam
""Bize en yakın çarşı""",1.4
224,tr_soru,sahne_04_carsi_reklam.png,ana,doğru meşede doğru reklam kazandırırr.,0.8
224,en_soru,sahne_04_carsi_reklam.png,ana,"doğru meşada doğru reklam kazandırır.
carsi reklam",0.9
224,ocr,sahne_05_dadas_doner.png,ana,"DADAS DONER
ODUN ATEŞİNDE LEzzet TEL: 0540 108 4800
ADAS
ODUN ATEŞİNDE LEzzet TEL: 0540 108 4800
ADAS DONER
ODUN ATEŞİNDE LEzzet TEL: 0540 108 4800
ADAS DONER
ODUN ATEŞİNDE LEzzet TEL: 0540 108 4800
ADAS DONER
ODUN ATEŞİNDE LEzzet TEL: 0540 108 4800
ADAS DONER
ODUN ATEŞİNDE LEzzet TEL: 0540 108 4800
ADAS DONER
ODUN ATEŞİNDE LEzzet TEL: 0540 108 4800
ADAS DONER
ODUN ATEŞİNDE LEzzet TEL: 0540 108 4800
ADAS DONER
ODUN ATEŞİNDE LEzzet TEL: 05",13.2
224,tr_soru,sahne_05_dadas_doner.png,ana,dadas doner,0.3
224,en_soru,sahne_05_dadas_doner.png,ana,dadas doner,0.3
224,ocr,sahne_06_koksal_baba.png,ana,KÖKSAL BABA STORE,0.5
224,tr_soru,sahne_06_koksal_baba.png,ana,koksal baba store,0.4
224,en_soru,sahne_06_koksal_baba.png,ana,koksal baba store,0.5
224,ocr,sahne_07_kahvehane_gece.png,ana,"TA KAHVEHANESİ
KAHVEHANESİ
24
HARIO
24
HARIO
24
24
24
24
24
24
24
24
24
24
24
24
24
24
24
24
24
24
24
24
24
24
24
24
24
24
24
24
24
24
24
24
24
24
24
24
24
24
24
24
24
24
24
24
24
24
24
24
24
24
24
24
24
24
24
24
24
24
24
24
24
24
24
24
24
24
24
24
24
24
24
24
24
24
24
24
2",13.3
224,tr_soru,sahne_07_kahvehane_gece.png,ana,bu resimde yazan her şeyi göstermiyor bu nedenle bu soruya cevap veremiyorum.,1.3
224,en_soru,sahne_07_kahvehane_gece.png,ana,kaffehanebi,0.4
224,ocr,sahne_08_emek_yufkacisi.png,ana,"HAL
MIK KACISI
0532 22 22 22
34 B 687",1.5
224,tr_soru,sahne_08_emek_yufkacisi.png,ana,emlak hükmetimi,0.4
224,en_soru,sahne_08_emek_yufkacisi.png,ana,emk orkaciisi,0.4
224,ocr,sahne_10_mostarpark.png,ana,"MOSTARPARK
SI RI BELEDİYESİ
GOKAL TESİSLERİ",1.1
224,tr_soru,sahne_10_mostarpark.png,ana,mostarpark,0.3
224,en_soru,sahne_10_mostarpark.png,ana,mostarpark,0.3
224,ocr,sahne_11_agaoglu_gece.png,ana,"ABABLU
YAPI CHOKOLATESYON MOBilya dekorasyon
MUFFIN OĞLARI
• TAMO OĞLARI
• YATAK OĞASI
• KAHVALTI OĞLU RAY OĞLAP
0 535 273 50 00
11
11
11
11
11
11
11
11
11
11
11
11
11
11
11
11
11
11
11
11
11
11
11
11
11
11
11
11
11
11
11
11
11
11
11
11
11
11
11
11
11
11
11
11
11
11
11
11
11
11
11
11
11
11
11
11
11
11
11
11
11
11
1",13.0
224,tr_soru,sahne_11_agaoglu_gece.png,ana,not a question,0.3
224,en_soru,sahne_11_agaoglu_gece.png,ana,unanswerable,0.3
224,ocr,sahne_12_vefa_ikram.png,ana,"VEFA İKRAM
ÇİĞ KÖFTÉ",0.8
224,tr_soru,sahne_12_vefa_ikram.png,ana,vefa ikramcig kofe,0.5
224,en_soru,sahne_12_vefa_ikram.png,ana,vefa ikram,0.3
224,ocr,sahne_13_celebioglu_ap.png,ana,20,0.2
224,tr_soru,sahne_13_celebioglu_ap.png,ana,etelburglu ap. 20,0.6
224,en_soru,sahne_13_celebioglu_ap.png,ana,elebluglu ap. 20,0.6
224,ocr,sahne_14_kurtulus_bakkal.png,ana,"Kartulus
BİRKÖLİYEŞİ, KURU KAHVE
Diştemiz Shop
2022/07/19 15:25",2.2
224,tr_soru,sahne_14_kurtulus_bakkal.png,ana,Görselde yazan tüm metni okumak için aşağıya bakıyoruz.,1.1
224,en_soru,sahne_14_kurtulus_bakkal.png,ana,kirtulus,0.3
224,ocr,sahne_15_sariyer_borekcisi.png,ana,"SARIYER BÖREKÇİSİ
SARIYER BÖREKÇİSİ
SARIYER BÖREKÇİSİ
SARIYER BÖREKÇİSİ
SARIYER BÖREKÇİSİ
SARIYER BÖREKÇİSİ
SARIYER BÖREKÇİSİ",4.5
224,tr_soru,sahne_15_sariyer_borekcisi.png,ana,sariyer borekçisi,0.5
224,en_soru,sahne_15_sariyer_borekcisi.png,ana,sariyer borekçisi,0.5
224,ocr,sahne_17_hanturk_anadolu.png,ana,"DENİZLİ'NİN
EN PRESTİJİ PROJESİ
ANADOLU İNÇİ
başlayan
0532 262 18 18 ANADOLU
HANTUR
GAYRİMENKUL
Gayrimenkul",3.3
224,tr_soru,sahne_17_hanturk_anadolu.png,ana,not a question,0.3
224,en_soru,sahne_17_hanturk_anadolu.png,ana,denizli,0.3
224,ocr,sahne_19_gece_sehir_reklamlari.png,ana,"T
LOCAL
Your local
LOVE SHOP
TUBORG
ROYAL CA
THE BEST OF
Coca-Cola
OZBAHIN
CHIER
THE BEST OF
Coca-Cola
KARAOKE
KARAOKE
KARAOKE
KARAOKE
KARAOKE
KARAOKE
KARAOKE
KARAOKE
KARAOKE
KARAOKE
KARAOKE
KARAOKE
KARAOKE
KARAOKE
KARAOKE
KARAOKE
KARAOKE
KARAOKE
KARAOKE
KARAOKE
KARAOKE
KARAOKE
KARAOKE
KARAOKE
KARAOKE
KARAOKE
KARAOKE
KARAOKE
KARAOKE
KARAOKE
KARAOKE
KARAOKE
KARAOKE
KARAOKE
KARAOKE
KARAOKE
KARAOKE
KARAOKE
KARAOKE
KARAOKE
KARAOKE
KARAOKE
KARAOKE
KARAOKE
KARAOKE
KARAOKE
KARAOKE
KARAOKE
KARAOKE
KARAOKE
KARAOKE
KARAOKE
KARAOKE
KARAOKE",13.0
224,tr_soru,sahne_19_gece_sehir_reklamlari.png,ana,love shop,0.2
224,en_soru,sahne_19_gece_sehir_reklamlari.png,ana,love shop,0.2
224,ocr,sahne_21_donerus_avm.png,ana,"Dönerus
PIZZA
S
S
S
S
S
S
S
S
S
S
S
S
S
S
S
S
S
S
S
S
S
S
S
S
S
S
S
S
S
S
S
S
S
S
S
S
S
S
S
S
S
S
S
S
S
S
S
S
S
S
S
S
S
S
S
S
S
S
S
S
S
S
S
S
S
S
S
S
S
S
S
S
S
S
S
S
S
S
S
S
S
S
S
S
S
S
S
S
S
S
S
S
S
S
S
S
S
S
S
S
S
S
S
S
S
S
S
S
S
S
S
S
S
S
S
S
S
S
S
S
S
S
S
S
S",13.0
224,tr_soru,sahne_21_donerus_avm.png,ana,donerus,0.3
224,en_soru,sahne_21_donerus_avm.png,ana,donerus,0.3
224,ocr,sahne_22_akilli_tahta_slayt.png,ana,"DEPREMİN ŞİDDETİ
Açlığı çıkan energi miktarına
Otkısı denildiğine
Çevresini takip etmeye
Jeotlak yapmayı
Nüfus yoğunlaşma
Bina kalitesine
Deprem süresine
Çevresinde yaşanılan en kritik deprem
nedenlerine
SAMSUNG",4.2
224,tr_soru,sahne_22_akilli_tahta_slayt.png,ana,depremin sjddeti,0.5
224,en_soru,sahne_22_akilli_tahta_slayt.png,ana,depremin sjodETI,0.4
224,ocr,sahne_23_ambalaj_etiket_tarih.png,ana,"Üretim Tarihi (UT), Tavsiye Edicisi, Tüketim Tarihi (TET), Parti No ambalaj işaretlenir. Parti No ambalaj üzerindeki tarih, tavsiye edicisi tüketim tarihinden önce tüketilmesi tavsiye edilir.
at
Serin ve kuru yerde muhafaza ediniz.
28/07/2026 14:19 26/08/2027 18:15 LOT:PRD260728007
UZLU
GIDA İŞLETMESİ
T.C.
T.C.
BIM İŞLETMESİ
A.Ş.
A.Ş.
A.Ş.
A.Ş.
A.Ş.
A.Ş.
A.Ş.
A.Ş.
A.Ş.
A.Ş.
A.Ş.
A.Ş.
A.Ş.
A.Ş.
A.Ş.
A.Ş.
A.Ş.
A.Ş.
A.Ş.
A.Ş.
A.Ş.
A.Ş.",13.0
224,tr_soru,sahne_23_ambalaj_etiket_tarih.png,ana,unanswerable,0.3
224,en_soru,sahne_23_ambalaj_etiket_tarih.png,ana,unanswerable,0.3
224,ocr,sahne_24_ambalaj_yogurt.png,ana,"DOXI
9
Yoghurt
Net Wt. 10
Happy Sağlık
100%
YOGURT
750g
Yoghurt
Yoghurt",2.1
224,tr_soru,sahne_24_ambalaj_yogurt.png,ana,yogurt,0.2
224,en_soru,sahne_24_ambalaj_yogurt.png,ana,yogurt,0.2
224,ocr,sahne_25_cadir_kosku_ahsap.png,ana,"ÇADIR KÖŞKÜ
İSTANBUL BÜYÜKSEHİR BELEDİYESİ",1.4
224,tr_soru,sahne_25_cadir_kosku_ahsap.png,ana,not a question,0.3
224,en_soru,sahne_25_cadir_kosku_ahsap.png,ana,cadir koşku,0.4
224,ocr,sahne_26_yol_levhalari.png,ana,"Anittepe
Anitkabir
Keçiören
Maltepe
Bahçelievler",1.2
224,tr_soru,sahne_26_yol_levhalari.png,ana,unanswerable,0.3
224,en_soru,sahne_26_yol_levhalari.png,ana,unanswerable,0.3
224,ocr,sahne_27_fis_sok.png,ana,"SOK. MARKETLER TICA.S
1.2401. MARKEZ GARCE ÖZDEHİR
05.02.2021 15:00
HAYIR. JANKARA
07.02.2021 15:00
ANADOLU KURULUŞLAR V.D
TARİH
: 01/02/2024
: 02/02/2021
: 02/02/2021
F15 NO
: 02/02
OZM FUN FIGURLU 23G
1401
*13,50
OZM FUN FIGURLU 23G
1401
*13,50
OZM FUN FIGURLU 23G
1401
*13,50
OZM FUN FIGURLU 23G
1401
*182,27
TADPI PLISIC BAGET KG
F15 NO
*239,80
F15",13.3
224,tr_soru,sahne_27_fis_sok.png,ana,not a question,0.3
224,en_soru,sahne_27_fis_sok.png,ana,unanswerable,0.3
224,ocr,sahne_28_fis_bim.png,ana,"GİM BİRLİŞİK MAĞAZALAR A.S. KÜLTÜR VE KÜBLİĞÜ LTD. NO: 15/A KARTAL / İSTANBUL
BURUK MÜKELLERLER VOB 17500515/46
E-GRS/V FATURA BULGI FJSİ
03.2024 18:30
NO: 483
TNO:072666-2223-4819-8ed7-fc7acac4d470
2.025 kg X 19,75
PATATES
X1
420,99
KOCU MEK KESİL 1 KG X1
450,00
MÜŞUT 2.5 KG SHBAN X1
419,50
TÜRKİYE
T.C.
TÜRKİYE
T.C.
42,14
T.C.
T.C.
T.C.
Baka Kreti Karti: 1
",13.4
224,tr_soru,sahne_28_fis_bim.png,ana,e-648514 fatura bulgi fisi,0.8
224,en_soru,sahne_28_fis_bim.png,ana,e-6451v fatura bulgi fisi,0.8
224,ocr,sahne_29_tabelamatik_mockup.png,ana,Tablematik,0.3
224,tr_soru,sahne_29_tabelamatik_mockup.png,ana,tabletik,0.2
224,en_soru,sahne_29_tabelamatik_mockup.png,ana,tablematik,0.3
224,ocr,sahne_30_dolu_levha.png,ana,"DOLU
TUBELA.COM.TR
DOLU.COM",0.9
224,tr_soru,sahne_30_dolu_levha.png,ana,dolu,0.2
224,en_soru,sahne_30_dolu_levha.png,ana,dolu,0.2
224,ocr,sahne_31_elektrik_pano_plaka.png,ana,"OSMANGAZİ
ELEKTRİK DAGITIM
A-5
26902319
054",1.6
224,tr_soru,sahne_31_elektrik_pano_plaka.png,ana,osmangazi elektrik dagitim a.s. 26902319,1.1
224,en_soru,sahne_31_elektrik_pano_plaka.png,ana,26902319,0.5
224,ocr,sahne_32_cop_konteyner_uyari.png,ana,"5m 5m
771
SİGAK KÜL ATMAYINIZ",1.2
224,tr_soru,sahne_32_cop_konteyner_uyari.png,ana,unanswerable,0.3
224,en_soru,sahne_32_cop_konteyner_uyari.png,ana,5m,0.2
224,ocr,sahne_33_dikkat_olum_tehlikesi.png,ana,"A
DEMİRÇİĞİ ELEKTRİK MAL
2.F90255
DİKKATI OLUM TEHLİKESİ",2.1
224,tr_soru,sahne_33_dikkat_olum_tehlikesi.png,ana,dikkati olum tehlikesi,0.7
224,en_soru,sahne_33_dikkat_olum_tehlikesi.png,ana,dikkati olum tehlikesi,0.6
224,ocr,sahne_34_kural_kiz_apart.png,ana,KURAL KIZ APART KAYITLARIMIZ BAŞLAMISTIR,0.9
224,tr_soru,sahne_34_kural_kiz_apart.png,ana,kural kiz apart kayitlarimiz baslamistir,0.8
224,en_soru,sahne_34_kural_kiz_apart.png,ana,kural kiz apart kayitlarimiz baslamistir,0.8
448,ocr,sahne_01_cikartma.png,ana,"Onun Hevesi Bitti
Beninde Hiçesin",1.1
448,tr_soru,sahne_01_cikartma.png,ana,onun hevesi bitti,0.8
448,en_soru,sahne_01_cikartma.png,ana,onun hevesi bitti,0.8
448,ocr,sahne_02_terzi_abit_kurt.png,ana,"TERZI
ABİT KURT",1.0
448,tr_soru,sahne_02_terzi_abit_kurt.png,ana,terzi abit kurt,0.7
448,en_soru,sahne_02_terzi_abit_kurt.png,ana,"terzi
abit kurt",0.7
448,ocr,sahne_03_sunar_kayali.png,ana,"1967'DEN
Sunar & Kayalı
YÜKSEK KALİTE
ZAMANSIZ TASARIM",1.7
448,tr_soru,sahne_03_sunar_kayali.png,ana,sunar & kayalı,0.7
448,en_soru,sahne_03_sunar_kayali.png,ana,"1967'DEN
Sunar & Kayalı
ZAMANSIZ TASARIM • YÜKSEK KALİTE",1.7
448,ocr,sahne_04_carsi_reklam.png,ana,"Doğru Mecrada Doğru Reklam kazandınız.
Çarşı reklam
""Bize en yakın Çarşı""",1.8
448,tr_soru,sahne_04_carsi_reklam.png,ana,doğru mecrada doğru reklam kazandır.,1.0
448,en_soru,sahne_04_carsi_reklam.png,ana,doğru mecrada doğru reklam kazandınız.,1.0
448,ocr,sahne_05_dadas_doner.png,ana,"DADAŞ DÖNER
ODUN ATEŞİNDE LEZZET
TEL: 0530 610 9806
DADAŞ
IN ATEŞİNDE TEL: 0530 610 06
06
YASEMİN
ALOD
0530 610 06
0530.0
AKADEMİK
AKADEMİK
AKADEMİK
AKADEMİK
AKADEMİK
AKADEMİK
AKADEMİK
AKADEMİK
AKADEMİK
AKADEMİK
AKADEMİK
AKADEMİK
AKADEMİK
AKADEMİK
AKADEMİK
AKADEMİK
AKADEMİK
AKADEMİK
AKADEMİK
AKADEMİK
AKADEMİK
AKADEMİK
AKADEMİK
AKADEMİK
AKADEMİK
AKADEMİK
AKADEMİK
AKADEMİK
AKADEMİK
AKADEMİK
AKADEMİK
AKADEMİK
AKADEMİK
AKADEMİK
AKADEMİK
AKADEMİK
AKADEMİK
AKADEMİK
AKADEMİK
AKADEMİK
AKADEMİK
AKADEMİK
",13.6
448,tr_soru,sahne_05_dadas_doner.png,ana,dadas doner,0.7
448,en_soru,sahne_05_dadas_doner.png,ana,"DADAŞ DÖNER
ODUN ATEŞİNDE LEZZET TEL: 0530 610 9806
DADAŞ
IN ATEŞİNDE TEL: 0530 610 06
YASAKLIĞINIZ DİLERİM
ALOM
0530 610 06
ALOM
ALOM
ALOM
ALOM
ALOM
ALOM
ALOM
ALOM
ALOM
ALOM
ALOM
ALOM
ALOM
ALOM
ALOM
ALOM
ALOM
ALOM
ALOM
ALOM
ALOM
ALOM
ALOM
ALOM
ALOM
ALOM
ALOM
ALOM
ALOM
ALOM
ALOM
ALOM
ALOM
ALOM
ALOM
ALOM
ALOM
ALOM
ALOM
ALOM
ALOM
ALOM
ALOM
ALOM
ALOM
ALOM
ALOM
ALOM
ALOM
ALOM
ALOM
ALOM
ALOM
ALOM
ALOM
ALOM
ALOM
AL",13.5
448,ocr,sahne_06_koksal_baba.png,ana,KÖKSAL BABA STORE,0.8
448,tr_soru,sahne_06_koksal_baba.png,ana,koksal baba store,0.7
448,en_soru,sahne_06_koksal_baba.png,ana,koksal baba store,0.7
448,ocr,sahne_07_kahvehane_gece.png,ana,"TA KAHVEHANESI
FE BANCE
BILARDO SALONU
GAYRIYATINA",1.5
448,tr_soru,sahne_07_kahvehane_gece.png,ana,unanswerable,0.6
448,en_soru,sahne_07_kahvehane_gece.png,ana,ta kahvehanesi,0.7
448,ocr,sahne_08_emek_yufkacisi.png,ana,"11.00
EMEK
OFKACISI
EMEK OFKACISI
HOS GELDİNİZ
34 JC 7859",2.2
448,tr_soru,sahne_08_emek_yufkacisi.png,ana,emek yufkaciisi,0.8
448,en_soru,sahne_08_emek_yufkacisi.png,ana,emek yofkaci,0.7
448,ocr,sahne_10_mostarpark.png,ana,"MOSTARPARK
SRİ BELEDİYESİ
SOAL TESİSLERİ",1.3
448,tr_soru,sahne_10_mostarpark.png,ana,"mostarpark, social sciences department, istanbul university",1.1
448,en_soru,sahne_10_mostarpark.png,ana,mostarpark,0.6
448,ocr,sahne_11_agaoglu_gece.png,ana,"AĞAĞLI
YAPI DEKORASYON * MOBİLYA DEKORASYON * MUTFAK DOLABI
* BANYO DOLABI
* YATAK ODASI
* PORTMANTO RAY DOLAP
0532 273 50 00
11",3.9
448,tr_soru,sahne_11_agaoglu_gece.png,ana,not: resimde yazan tüm metni aşağıda görüyoruz.,1.1
448,en_soru,sahne_11_agaoglu_gece.png,ana,unanswerable,0.6
448,ocr,sahne_12_vefa_ikram.png,ana,"VEFA İKRAM
ÇİĞ KÖFTE
A",1.1
448,tr_soru,sahne_12_vefa_ikram.png,ana,vefa ikram ciğ kahve,0.8
448,en_soru,sahne_12_vefa_ikram.png,ana,vefa ikram,0.6
448,ocr,sahne_13_celebioglu_ap.png,ana,20,0.5
448,tr_soru,sahne_13_celebioglu_ap.png,ana,egebiyoglu ap. 20,1.0
448,en_soru,sahne_13_celebioglu_ap.png,ana,elebiyglu ap. 20,0.9
448,ocr,sahne_14_kurtulus_bakkal.png,ana,"Kartulus
BAKKALİYESİ ve KURU KAHVE
Momis Ba
DIDO
Shot on OnePlus",2.0
448,tr_soru,sahne_14_kurtulus_bakkal.png,ana,"Resimde yazan tüm metni içeren bir resim yok, dolayısıyla bu soruya cevap veremiyorum.",2.0
448,en_soru,sahne_14_kurtulus_bakkal.png,ana,"kartulus
BAKKALİYESİ ve KURU KAHVE
Momis Ba
DIDO
Shot on OnePlus",1.7
448,ocr,sahne_15_sariyer_borekcisi.png,ana,"SARIYER
SARIYER BÖREKÇİSİ
SARIYER
SARIYER BÖREKÇİSİ
SARIYER
SARIYER
SARIYER
SARIYER
SARIYER
SARIYER
SARIYER
SARIYER
SARIYER
SARIYER
SARIYER
SARIYER
SARIYER
SARIYER
SARIYER
SARIYER
SARIYER
SARIYER
SARIYER
SARIYER
SARIYER
SARIYER
SARIYER
SARIYER
SARIYER
SARIYER
SARIYER
SARIYER
SARIYER
SARIYER
SARIYER
SARIYER
SARIYER
SARIYER
SARIYER
SARIYER
SARIYER
SARIYER
SARIYER
SARIYER
SARIYER
SARIYER
SARIYER
SARIYER
SARIYER
SARIYER
SARIYER
SARIYER
SARIYER
SARIYER
SARIYER
SARIYER
SARIYER
SARIYER
SARIYER
SARIYER
",13.4
448,tr_soru,sahne_15_sariyer_borekcisi.png,ana,sariyer borekçisi,0.8
448,en_soru,sahne_15_sariyer_borekcisi.png,ana,"SARIYER BÖREKÇİSİ
SARIYER
SARIYER BÖREKÇİSİ
SARIYER
SARIYER BÖREKÇİSİ
SARIYER
SARIYER
SARIYER
SARIYER
SARIYER
SARIYER
SARIYER
SARIYER
SARIYER
SARIYER
SARIYER
SARIYER
SARIYER
SARIYER
SARIYER
SARIYER
SARIYER
SARIYER
SARIYER
SARIYER
SARIYER
SARIYER
SARIYER
SARIYER
SARIYER
SARIYER
SARIYER
SARIYER
SARIYER
SARIYER
SARIYER
SARIYER
SARIYER
SARIYER
SARIYER
SARIYER
SARIYER
SARIYER
SARIYER
SARIYER
SARIYER
SARIYER
SARIYER
SARIYER
SARIYER
SARIYER
SARIYER
SARIYER
SARIYER
SARIYER
SARIYER
SARIYER
SARIYER
",13.3
448,ocr,sahne_17_hanturk_anadolu.png,ana,"DENİZLİ'NİN
EN PRESTİJLİ PROJESİ
ANADOLU İNCİSİ başlıyor
HANTÜRK 0532 262 19 17 ANADOLU
İnşaat
GAYRİMENKUL Satış Temsilcileri",3.8
448,tr_soru,sahne_17_hanturk_anadolu.png,ana,denizi'nin en prestijli projesi anadolu incisi basliyor,1.3
448,en_soru,sahne_17_hanturk_anadolu.png,ana,denizli'nin en prestijli projesi,1.2
448,ocr,sahne_19_gece_sehir_reklamlari.png,ana,"TUSOTI
LOCA
pikral
Cafe Restaurant
MEYAV
LOVE SHOP
EPILASYON GÜZELLİK
SOYSAL CAR
Geldikleri
Coca-Cola ÖZSAHİN
Güneş!
CHER
Gülümseyen
C
ÖZSAHİN MESHURBAT BÖFENİ ERHAN KANDE
Metro Alışveriş M",4.8
448,tr_soru,sahne_19_gece_sehir_reklamlari.png,ana,love shop,0.5
448,en_soru,sahne_19_gece_sehir_reklamlari.png,ana,LOVE SHOP,0.5
448,ocr,sahne_21_donerus_avm.png,ana,"Dönerus
P
PIZZA
PIZZERI UZATILIR
Boyumsuz lezzet",1.5
448,tr_soru,sahne_21_donerus_avm.png,ana,donerus,0.6
448,en_soru,sahne_21_donerus_avm.png,ana,"Dönerus
PIZZA
PIZZERI UZATILIR
Doymuşlar lezzet",1.5
448,ocr,sahne_22_akilli_tahta_slayt.png,ana,"DEPREMİN ŞİDDETİ
Açığa çıkan enerji miktarına
Odak derinliğine
Episantri uzaklığına
Jeolojik yapıya
Nüfus yoğunluğuna
Bina kalitesine
Deprem süresine
Nerede baraj yapıldıysa orada deprem
riski artmıştır.
Panasonic",4.7
448,tr_soru,sahne_22_akilli_tahta_slayt.png,ana,Depremin şiddetİ,0.8
448,en_soru,sahne_22_akilli_tahta_slayt.png,ana,depremin siddETI,0.7
448,ocr,sahne_23_ambalaj_etiket_tarih.png,ana,"Üretim Tarihi (ÜT), Taysiye Edilen Tüketim Tarihi (TETT), Parti No ambalaj üzerindedir. Parti numarası üretim tarihi ile aynıdır. Taysiye edilen tüketim tarihinden önce tüketilmesi taysiye edilir.
at
Serin ve kuru yerde muhafaza ediniz.
28/07/2026
14:19
UZLU
28/01/2027 P8
LOT:PRD260728007
GİDA İŞLETMEÇİĞİ
Fıstık
BİM Birleşik Mark
ks
Abdurrahman
vi
Ürünleri
Sancaktepe
ya ve
Bu ürün (Meray
erebi
n. Tic. Ltd.
BİLE
BİLE",9.4
448,tr_soru,sahne_23_ambalaj_etiket_tarih.png,ana,not a question,0.7
448,en_soru,sahne_23_ambalaj_etiket_tarih.png,ana,not a question,0.6
448,ocr,sahne_24_ambalaj_yogurt.png,ana,"DOFT
Yoğurt
Net Miktar: 500
DOFT
Yoğurt
Yoğun Yağlı
Net Miktar: 500
Yoğun Yağlı Yoğurt
Doğal
500ge
Yoğurt",3.2
448,tr_soru,sahne_24_ambalaj_yogurt.png,ana,yogurt,0.5
448,en_soru,sahne_24_ambalaj_yogurt.png,ana,yogurt,0.5
448,ocr,sahne_25_cadir_kosku_ahsap.png,ana,"ÇADIR KÖŞKÜ
İSTANBUL BÜYÜKŞEHİR BELEDİYESİ",1.6
448,tr_soru,sahne_25_cadir_kosku_ahsap.png,ana,yes,0.5
448,en_soru,sahne_25_cadir_kosku_ahsap.png,ana,cadir koşku,0.7
448,ocr,sahne_26_yol_levhalari.png,ana,"PAMLA REKLAM
Anittepe
Anitkabir
Keçiören
Maltepe
Bahçelievler",1.7
448,tr_soru,sahne_26_yol_levhalari.png,ana,not a question,0.7
448,en_soru,sahne_26_yol_levhalari.png,ana,not a question,0.7
448,ocr,sahne_27_fis_sok.png,ana,"SOK MARKETLER TİC.A.S 13462 MAMAK CANZE ÖZDEMİR ŞAHINTEPE NH 637.5K
NO 2
MAMAK ANKARA
8140131899
ANADOLU KURUMLAR V.D
TARİH
: 01/02/2024
SAAT
: 20:51:41
FIŞ NO
: 0259
OZMO FUN FIGURLU 23G %01
*13,50
7:24 NAMET DANA MACA
%01
*27,90
OZMO FUN FIGURLU 23G
%01
*13,50
1,033kg x 99,00
TADPI PİLİÇ BAGET KG %01
*102,27
FINISH QUANTUM ÖZEL
%20
*259,00
25TLFINISH10TL
*149,00-
FINISH QUANTUM ÖZEL
%2",13.0
448,tr_soru,sahne_27_fis_sok.png,ana,not: bu resimde yazan tüm metni okumak için burada bir resim yok.,1.5
448,en_soru,sahne_27_fis_sok.png,ana,"sök marketler tic.a.s 13462 mamak ganze ozemir sahintepe nH 637.5K NO 2
MAMAK ANKARA 8140131899
ANADOLU KURUMLAR V.D
TARIH
: 01/02/2024
SAAT
: 20:51:41
FIŞ NO
: 0259
OZMO FUN FIGURLU 23G %01
*13,50
7:24 NAMET DANA MACA
%01
*27,90
OZMO FUN FIGURLU 23G %01
*13,50
1,033kg x 99,00
TADPI PİLİÇ BAGET KG %01
*102,27
FINISH QUANTUM ÖZEL
%20
*259,00
25TLFINISH10TL
*149,00-
FINISH QUANTUM ÖZEL
%20
*25",12.9
448,ocr,sahne_28_fis_bim.png,ana,"BIM BİRLESİK MAGAZALAR A.S. YUNUS MAH.KUBILAY CAD.NO: 15/A KARTAL / İSTANBUL
BÜYÜK MÜKELLEFLER VDB 1750051846
E-ARŞİV FATURA BİLGİ FİSİ
03.2024 18:30
NO: 483
TN6312bee6-2323-46f3-8ed7-fc72accdcfo
2.025 kg X 19.75
PATATES
21
*39.99
MERCİMEK YEŞİL 1 KG 21
*57.00
NOHUT 2.5 KG SABAN
21
*119.50
TOPKOV
TOPLAM
*2.14
*216.49
Banka Kredi Kartı 1
*216.49
GARANTİ BANKASI
1.9219666 T:",12.8
448,tr_soru,sahne_28_fis_bim.png,ana,büyük miktarda ürün ve fiyatları gösteren bir mağaza faturası.,1.4
448,en_soru,sahne_28_fis_bim.png,ana,btm birlesik magazalar a.s.,1.0
448,ocr,sahne_29_tabelamatik_mockup.png,ana,Tabelamatik,0.6
448,tr_soru,sahne_29_tabelamatik_mockup.png,ana,tablematik,0.6
448,en_soru,sahne_29_tabelamatik_mockup.png,ana,tablematik,0.6
448,ocr,sahne_30_dolu_levha.png,ana,"DOLU
TABELA.com.br
02.01.0008",1.4
448,tr_soru,sahne_30_dolu_levha.png,ana,dolu,0.5
448,en_soru,sahne_30_dolu_levha.png,ana,dolu,0.5
448,ocr,sahne_31_elektrik_pano_plaka.png,ana,"OSMANGAZİ
ELEKTRİK DAĞITIM
A.Ş.
26902319
054",2.0
448,tr_soru,sahne_31_elektrik_pano_plaka.png,ana,osmangazi elektrik dagitim a.s. 26902319,1.6
448,en_soru,sahne_31_elektrik_pano_plaka.png,ana,osmangazî elektrik dağitim a.s.,1.0
448,ocr,sahne_32_cop_konteyner_uyari.png,ana,"731
5m5m
SİÇAK KÜL ATMAYINIZ",1.4
448,tr_soru,sahne_32_cop_konteyner_uyari.png,ana,unanswerable,0.6
448,en_soru,sahne_32_cop_konteyner_uyari.png,ana,5m,0.5
448,ocr,sahne_33_dikkat_olum_tehlikesi.png,ana,"OSMANGAZ ELEKTRİK DACI
1.5.
2.790.25-2
DİKKAT! ÖLÜM TEHLİKESİ",2.4
448,tr_soru,sahne_33_dikkat_olum_tehlikesi.png,ana,dikkati olum tehlikesi,0.8
448,en_soru,sahne_33_dikkat_olum_tehlikesi.png,ana,dkkat! olum tehlkesi,0.9
448,ocr,sahne_34_kural_kiz_apart.png,ana,"KURAL
KIZ APART
KAYITLARIMIZ BAŞLAMISTIR",1.2
448,tr_soru,sahne_34_kural_kiz_apart.png,ana,kural kiz apart kayıtlarımız baslamıştır,1.0
448,en_soru,sahne_34_kural_kiz_apart.png,ana,kural kiz apart kayitlarimiz baslamistir,1.2
